{
  "test_loss": 0.3215252161026001,
  "test_acc": 0.8830128312110901,
  "precision": 0.8108108108108109,
  "recall": 0.8974358974358975,
  "f1": 0.8519269776876268
}