{
  "test_loss": 2.928243398666382,
  "test_acc": 0.43589743971824646,
  "precision": 0.398972602739726,
  "recall": 0.9957264957264957,
  "f1": 0.5696821515892421
}