{
  "test_loss": 0.3413451611995697,
  "test_acc": 0.8942307829856873,
  "precision": 0.8962264150943396,
  "recall": 0.811965811965812,
  "f1": 0.852017937219731
}