{
  "test_loss": 0.271634578704834,
  "test_acc": 0.9102563858032227,
  "precision": 0.8771186440677966,
  "recall": 0.8846153846153846,
  "f1": 0.8808510638297872
}